Variable,Coefficient,p-value
const,-0.3065513631151673,5.3750372564390826e-133
Delta_videos,0.008618443868315881,0.5106144371005163
Posted_longer_videos,0.0008048851193427023,0.9495157063628632
Posted_shorter_videos,0.02309047524473709,0.07019365976953172
Posted_more,0.059193287561570516,3.757195247876535e-06
Posted_less,-0.2899616822140071,1.5570617321549606e-99
Topic_change,-0.022438864762912108,0.07620385469855923
