Variable,Coefficient,p-value
const,-0.3065474181380737,5.367969748671153e-133
Posted_longer_videos,0.0004300647028963787,0.9729931481719816
Posted_shorter_videos,0.02257851343244285,0.07632276610220802
Posted_more,0.058961158496312185,4.052588849170772e-06
Posted_less,-0.29023844075137106,8.450073437954008e-100
Topic_change,-0.02168326155114567,0.0860359445349972
