Strategy,Adopted the strategy,Did not adopt
Posted_more,49.02579328261273,40.526999443310444
Posted_less,29.174765859692524,46.61600989574129
Posted_longer_videos,42.30186774356386,43.614336193841496
Posted_shorter_videos,42.85031085604974,39.88522238163558
Topic_Change,41.39728884254431,41.83176920403198
