Strategy,Adopted the strategy,Did not adopt
Posted_more,49.03317367394004,39.081071491928334
Posted_less,29.359638856378535,46.781474669787656
Posted_longer_videos,42.48753857108948,42.65369095656302
Posted_shorter_videos,42.3467137185708,39.87648875165417
Topic_change,41.44553584518399,41.41621463128573
