Strategy,Adopted the strategy,Did not adopt
Posted_more,49.03317367394004,40.41156643604754
Posted_less,29.359638856378535,47.13258652399264
Posted_longer_videos,42.48753857108948,43.46071682886304
Posted_shorter_videos,42.3467137185708,40.27348919276577
Topic_change,41.44553584518399,41.38689341738748
